Experiment,Location,Date,Temperature_C,Salinity_ppt,Replicate_Chamber,Species,Habitat,Wet_weight_g,Wet_weight_kg,Empty weigh boat,Dry weight w boat,Ashed weight w boat,AFDW_g,AFDW_kg,Metab_Tissue_kg,Vol_displaced_ml,Vol_emptyChamber_ml,Animal_Vol,VOL_final_ml,Vol_final_L,Condition,Time_Holding_Tank,Temp_Holding_Tank,Time_Chamber,Start_exp,End_exp,Time_exp_min,MR_WetWeight_ml/h/g,MR_AFDW_ml/h/g,MR_MetabTiss_ml/h/g,VO2_ml/h,Regression range (t),rsquared
1.3,Biscayan Cove,15-08-2020,4,24.3,1,Strongylocentrotus droebachiensis,Barren,67.9,0.0679,1.898,23.435,20.878,2.557,0.002557,0.065343,720,650,70,580,0.58,Field-fresh,2.5 days,14,8:55,9:55,12:00,125,0.0026064,0.0692113,0.0027591,0.1672958,10-65min,0.997
1.3,Biscayan Cove,15-08-2020,4,24.3,2,Strongylocentrotus droebachiensis,Barren,74.7,0.0747,2.014,26.947,23.363,3.584,0.003584,0.071116,720,650,70,580,0.58,Field-fresh,2.5 days,14,8:55,9:55,12:00,125,0.0030763,0.0715384,0.0039661,0.2752447,10-65min,0.996
1.3,Biscayan Cove,15-08-2020,4,24.3,3,Strongylocentrotus droebachiensis,Barren,81.2,0.0812,2.51,28.194,25.064,3.13,0.00313,0.07807,730,650,80,570,0.57,Field-fresh,2.5 days,14,8:55,9:55,12:00,125,0.0022354,0.0588037,0.0023958,0.1567327,10-65min,0.998
1.3,Biscayan Cove,15-08-2020,4,24.3,4,Strongylocentrotus droebachiensis,Barren,75.9,0.0759,2.138,26.197,23.116,3.081,0.003081,0.072819,720,650,70,580,0.58,Field-fresh,2.5 days,14,8:55,9:55,12:00,125,0.0031693,0.0801929,0.0034805,0.2286537,10-65min,0.998
1.3,Biscayan Cove,15-08-2020,4,24.3,5,Strongylocentrotus droebachiensis,Kelp,95.4,0.0954,2.173,31.047,25.134,5.913,0.005913,0.089487,745,650,95,555,0.555,Field-fresh,2.5 days,14,8:55,9:55,12:00,125,0.0052479,0.0908758,0.0058158,0.5302828,10-65min,0.992
1.3,Biscayan Cove,15-08-2020,4,24.3,6,Strongylocentrotus droebachiensis,Kelp,65.8,0.0658,2.496,26.97,21.893,5.077,0.005077,0.060723,705,650,55,595,0.595,Field-fresh,2.5 days,14,8:55,9:55,12:00,125,0.0069614,0.079485,0.0069156,0.3929635,10-65min,0.995
1.3,Biscayan Cove,15-08-2020,4,24.3,7,Strongylocentrotus droebachiensis,Kelp,107.6,0.1076,2.14,40.861,33.766,7.095,0.007095,0.100505,750,650,100,550,0.55,Field-fresh,2.5 days,14,8:55,9:55,12:00,125,0.0051436,0.0755097,0.0057931,0.5598502,10-65min,0.995
1.3,Biscayan Cove,15-08-2020,4,24.3,8,Strongylocentrotus droebachiensis,Kelp,101.2,0.1012,2.027,36.716,29.05,7.666,0.007666,0.093534,745,650,95,555,0.555,Field-fresh,2.5 days,14,8:55,9:55,12:00,125,0.0057104,0.0348099,0.0058556,0.5360984,30-80min,0.999
1.3,Biscayan Cove,15-08-2020,4,24.3,9,Strongylocentrotus droebachiensis,Kelp,59.1,0.0591,2.213,24.252,20.23,4.022,0.004022,0.055078,700,650,50,600,0.6,Field-fresh,2.5 days,14,8:55,9:55,12:00,125,0.0061856,0.0927806,0.006644,0.3327956,10-65min,0.998
1.3,Biscayan Cove,15-08-2020,4,24.3,10,Blank,Blank,NA,NA,NA,NA,NA,NA,NA,,NA,NA,NA,NA,NA,Field-fresh,2.5 days,14,8:55,9:55,12:00,125,,,,,,
1.6,Biscayan Cove,18-08-2020,6,26.3,1,Strongylocentrotus droebachiensis,Kelp,71.8,0.0718,5.414,29.763,24.19,5.573,0.005573,0.066227,710,650,60,590,0.59,Field-fresh,5.5 days,14,8:25,9:30,11:10,100,0.0066991,0.0863082,0.0076396,0.5098229,24-47mins,0.997
1.6,Biscayan Cove,18-08-2020,6,26.3,2,Strongylocentrotus droebachiensis,Kelp,70,0.07,2.156,23.14,18.485,4.655,0.004655,0.065345,710,650,60,590,0.59,Field-fresh,5.5 days,14,8:25,9:30,11:10,100,0.008172,0.1206472,0.0081591,0.5602644,24-47mins,0.993
1.6,Biscayan Cove,18-08-2020,6,26.3,3,Strongylocentrotus droebachiensis,Kelp,85.3,0.0853,1.942,32.322,25.223,7.099,0.007099,0.078201,725,650,75,575,0.575,Field-fresh,5.5 days,14,8:25,9:30,11:10,100,0.0059909,0.068359,0.0062056,0.4620155,24-39mins,0.991
1.6,Biscayan Cove,18-08-2020,6,26.3,4,Strongylocentrotus droebachiensis,Kelp,74.9,0.0749,2.306,29.701,24.589,5.112,0.005112,0.069788,710,650,60,590,0.59,Field-fresh,5.5 days,14,8:25,9:30,11:10,100,0.0075272,0.1017944,0.0084541,0.5629276,15-39mins,0.994
1.6,Biscayan Cove,18-08-2020,6,26.3,5,Strongylocentrotus droebachiensis,Barren,72.3,0.0723,5.425,28.815,25.041,3.774,0.003774,0.068526,700,650,50,600,0.6,Field-fresh,5.5 days,14,8:25,9:30,11:10,100,0.0052528,0.1017039,0.0053446,0.3582977,15-60mins,0.998
1.6,Biscayan Cove,18-08-2020,6,26.3,6,Strongylocentrotus droebachiensis,Barren,66.6,0.0666,5.425,28.54,25.467,3.073,0.003073,0.063527,720,650,70,580,0.58,Field-fresh,5.5 days,14,8:25,9:30,11:10,100,0.0054507,0.1147087,0.0058858,0.3294991,10-40mins,0.998
1.6,Biscayan Cove,18-08-2020,6,26.3,7,Strongylocentrotus droebachiensis,Barren,86.6,0.0866,2.176,29.775,26.23,3.545,0.003545,0.083055,700,650,50,600,0.6,Field-fresh,5.5 days,14,8:25,9:30,11:10,100,0.0050882,0.1239545,0.0049298,0.4157254,10-60mins,0.999
1.6,Biscayan Cove,18-08-2020,6,26.3,8,Strongylocentrotus droebachiensis,Barren,68,0.068,5.374,26.624,23.875,2.749,0.002749,0.065251,700,650,50,600,0.6,Field-fresh,5.5 days,14,8:25,9:30,11:10,100,0.0052006,0.1296017,0.0057282,0.3789342,10-60mins,0.999
1.6,Biscayan Cove,18-08-2020,6,26.3,9,Strongylocentrotus droebachiensis,Barren,58.4,0.0584,2.401,20.749,18.338,2.411,0.002411,0.055989,695,650,45,605,0.605,Field-fresh,5.5 days,14,8:25,9:30,11:10,100,0.0057742,0.1443978,0.0057776,0.2732082,10-40mins,0.997
1.6,Biscayan Cove,18-08-2020,6,26.3,10,Blank,Blank,NA,NA,NA,NA,NA,NA,NA,,NA,NA,NA,NA,NA,Field-fresh,5.5 days,14,8:25,9:30,11:10,100,,,,,,
1.5,Biscayan Cove,17-08-2020,10,26.8,1,Strongylocentrotus droebachiensis,Kelp,63.6,0.0636,5.374,27.922,23.249,4.673,0.004673,0.058927,700,650,50,600,0.6,Field-fresh,4.5 days,14,8:55,10:00,12:30,150,0.0112191,0.1526925,0.0121087,0.7488975,4000-6000 (time_corr),0.992
1.5,Biscayan Cove,17-08-2020,10,26.8,2,Strongylocentrotus droebachiensis,Kelp,62.5,0.0625,5.374,27.843,21.938,5.905,0.005905,0.056595,700,650,50,600,0.6,Field-fresh,4.5 days,14,8:55,10:00,12:30,150,0.0109714,0.1161239,0.0121161,0.6945174,4000-6000 (time_corr),0.999
1.5,Biscayan Cove,17-08-2020,10,26.8,3,Strongylocentrotus droebachiensis,Kelp,94.1,0.0941,5.374,37.682,32.116,5.566,0.005566,0.088534,720,650,70,580,0.58,Field-fresh,4.5 days,14,8:55,10:00,12:30,150,0.0079004,0.1335651,0.008397,0.7378277,4000-6000 (time_corr),0.968
1.5,Biscayan Cove,17-08-2020,10,26.8,4,Strongylocentrotus droebachiensis,Kelp,104.3,0.1043,5.374,35.612,29.622,5.99,0.00599,0.09831,740,650,90,560,0.56,Field-fresh,4.5 days,14,8:55,10:00,12:30,150,0.0080187,0.1396236,0.0085072,0.7620894,4000-6000 (time_corr),0.958
1.5,Biscayan Cove,17-08-2020,10,26.8,5,Strongylocentrotus droebachiensis,Barren,61.6,0.0616,5.374,25.847,22.79,3.057,0.003057,0.058543,700,650,50,600,0.6,Field-fresh,4.5 days,14,8:55,10:00,12:30,150,0.0066532,0.1340652,0.0070006,0.4156133,4000-6000 (time_corr),0.969
1.5,Biscayan Cove,17-08-2020,10,26.8,6,Strongylocentrotus droebachiensis,Barren,53.7,0.0537,5.374,22.947,20.256,2.691,0.002691,0.051009,690,650,40,610,0.61,Field-fresh,4.5 days,14,8:55,10:00,12:30,150,0.0067065,0.1338303,0.0070603,0.3507173,4000-6000 (time_corr),1
1.5,Biscayan Cove,17-08-2020,10,26.8,7,Strongylocentrotus droebachiensis,Barren,69.8,0.0698,5.374,26.725,23.851,2.874,0.002874,0.066926,700,650,50,600,0.6,Field-fresh,4.5 days,14,8:55,10:00,12:30,150,0.0077055,0.1871422,0.0080364,0.4812256,4000-6000 (time_corr),0.857
1.5,Biscayan Cove,17-08-2020,10,26.8,8,Strongylocentrotus droebachiensis,Barren,58.2,0.0582,5.374,24.045,21.994,2.051,0.002051,0.056149,690,650,40,610,0.61,Field-fresh,4.5 days,14,8:55,10:00,12:30,150,0.0059869,0.1698869,0.0062056,0.3700288,4000-6000 (time_corr),0.994
1.5,Biscayan Cove,17-08-2020,10,26.8,9,Strongylocentrotus droebachiensis,Barren,68.2,0.0682,5.374,29.127,26.629,2.498,0.002498,0.065702,700,650,50,600,0.6,Field-fresh,4.5 days,14,8:55,10:00,12:30,150,0.004946,0.1350341,0.005134,0.362216,4000-6000 (time_corr),0.997
1.5,Biscayan Cove,17-08-2020,10,26.8,10,Blank,Blank,NA,NA,NA,NA,NA,NA,NA,,NA,NA,NA,NA,NA,Field-fresh,4.5 days,14,8:55,10:00,12:30,150,,,,,,
1.1,Biscayan Cove,13-08-2020,14,27.7,1,Strongylocentrotus droebachiensis,Barren,67.3,0.0673,4.6,27.876,24.199,3.677,0.003677,0.063623,700,650,50,600,0.6,Field-fresh,1 day,14,8:50,15:30,16:30,60,0.010901,0.1995209,0.011531,0.7301809,5-20 min,0.999
1.1,Biscayan Cove,13-08-2020,14,27.7,2,Strongylocentrotus droebachiensis,Barren,57.3,0.0573,4.6,23.244,20.556,2.688,0.002688,0.054612,695,650,45,605,0.605,Field-fresh,1 day,14,8:50,15:30,16:30,60,0.0114636,0.2509885,0.0123536,0.634019,5-20 min,1
1.1,Biscayan Cove,13-08-2020,14,27.7,3,Strongylocentrotus droebachiensis,Barren,52.8,0.0528,4.6,22.223,19.276,2.947,0.002947,0.049853,695,650,45,605,0.605,Field-fresh,1 day,14,8:50,15:30,16:30,60,0.0125919,0.2315906,0.0136902,0.620425,5-20 min,1
1.1,Biscayan Cove,13-08-2020,14,27.7,4,Strongylocentrotus droebachiensis,Barren,57.2,0.0572,4.6,23.773,20.709,3.064,0.003064,0.054136,695,650,45,605,0.605,Field-fresh,1 day,14,8:50,15:30,16:30,60,0.0117172,0.2244897,0.0127057,0.6148627,5-20 min,0.999
1.1,Biscayan Cove,13-08-2020,14,27.7,5,Strongylocentrotus droebachiensis,Kelp,76.4,0.0764,4.6,31.575,24.315,7.26,0.00726,0.06914,720,650,70,580,0.58,Field-fresh,1 day,14,8:50,15:30,16:30,60,0.019623,0.2070279,0.0217388,1.504672,5-20 min,0.999
1.1,Biscayan Cove,13-08-2020,14,27.7,6,Strongylocentrotus droebachiensis,Kelp,59.2,0.0592,4.6,25.288,20.373,4.915,0.004915,0.054285,700,650,50,600,0.6,Field-fresh,1 day,14,8:50,15:30,16:30,60,0.0175397,0.2136643,0.0193453,1.068002,5-20 min,1
1.1,Biscayan Cove,13-08-2020,14,27.7,7,Strongylocentrotus droebachiensis,Kelp,69.2,0.0692,4.6,31.364,24.865,6.499,0.006499,0.062701,705,650,55,595,0.595,Field-fresh,1 day,14,8:50,15:30,16:30,60,0.0151387,0.162943,0.0168892,1.009032,5-20 min,0.986
1.1,Biscayan Cove,13-08-2020,14,27.7,8,Strongylocentrotus droebachiensis,Kelp,87,0.087,4.6,34.058,27.597,6.461,0.006461,0.080539,720,650,70,580,0.58,Field-fresh,1 day,14,8:50,15:30,16:30,60,0.0148738,0.2013642,0.0161538,1.221736,5-20 min,0.999
1.1,Biscayan Cove,13-08-2020,14,27.7,9,Strongylocentrotus droebachiensis,Kelp,90.1,0.0901,4.6,36.237,29.6,6.637,0.006637,0.083463,725,650,75,575,0.575,Field-fresh,1 day,14,8:50,15:30,16:30,60,0.0159252,0.2168773,0.0172461,1.353005,5-20 min,0.987
1.1,Biscayan Cove,13-08-2020,14,27.7,10,Blank,Blank,NA,NA,NA,NA,NA,NA,NA,,NA,NA,NA,NA,NA,Field-fresh,1 day,14,8:50,15:30,16:30,60,,,,,,
1.4,Biscayan Cove,16-08-2020,18,27.3,1,Strongylocentrotus droebachiensis,Kelp,62.8,0.0628,2.069,22.956,18.904,4.052,0.004052,0.058748,705,650,55,595,0.595,Field-fresh,3.5 days,14,8:35,9:30,10:30,60,0.0145519,0.2155559,0.0162223,0.9511488,10-35 min,0.997
1.4,Biscayan Cove,16-08-2020,18,27.3,2,Strongylocentrotus droebachiensis,Kelp,59.4,0.0594,1.844,23.078,18.373,4.705,0.004705,0.054695,705,650,55,595,0.595,Field-fresh,3.5 days,14,8:35,9:30,10:30,60,0.0198403,0.2538751,0.0211357,1.182333,10-35 min,0.998
1.4,Biscayan Cove,16-08-2020,18,27.3,3,Strongylocentrotus droebachiensis,Kelp,100,0.1,1.538,38.997,32.425,6.572,0.006572,0.093428,750,650,100,550,0.55,Field-fresh,3.5 days,14,8:35,9:30,10:30,60,0.0101863,0.1560238,0.0113147,1.043203,10-35 min,1
1.4,Biscayan Cove,16-08-2020,18,27.3,4,Strongylocentrotus droebachiensis,Kelp,66,0.066,1.983,24.831,20.538,4.293,0.004293,0.061707,715,650,65,585,0.585,Field-fresh,3.5 days,14,8:35,9:30,10:30,60,0.0180399,0.2861467,0.0198962,1.197614,10-35 min,0.999
1.4,Biscayan Cove,16-08-2020,18,27.3,5,Strongylocentrotus droebachiensis,Barren,52.7,0.0527,2.406,18.618,16.426,2.192,0.002192,0.050508,700,650,50,600,0.6,Field-fresh,3.5 days,14,8:35,9:30,10:30,60,0.0129301,0.3104905,0.0135324,0.6858542,10-35 min,1
1.4,Biscayan Cove,16-08-2020,18,27.3,6,Strongylocentrotus droebachiensis,Barren,58.3,0.0583,2.086,20.705,17.336,3.369,0.003369,0.054931,700,650,50,600,0.6,Field-fresh,3.5 days,14,8:35,9:30,10:30,60,0.0113344,0.19901,0.0147632,0.8026983,10-35 min,0.985
1.4,Biscayan Cove,16-08-2020,18,27.3,7,Strongylocentrotus droebachiensis,Barren,76.4,0.0764,1.521,23.797,20.467,3.33,0.00333,0.07307,720,650,70,580,0.58,Field-fresh,3.5 days,14,8:35,9:30,10:30,60,0.011611,0.2692027,0.0121401,0.9039421,10-30 min,0.999
1.4,Biscayan Cove,16-08-2020,18,27.3,8,Strongylocentrotus droebachiensis,Barren,63,0.063,2.182,21.25,18.241,3.009,0.003009,0.059991,700,650,50,600,0.6,Field-fresh,3.5 days,14,8:35,9:30,10:30,60,0.012644,0.2529184,0.0122666,0.8648869,20-40 min,0.997
1.4,Biscayan Cove,16-08-2020,18,27.3,9,Strongylocentrotus droebachiensis,Barren,56.4,0.0564,2.055,20.691,18.699,1.992,0.001992,0.054408,700,650,50,600,0.6,Field-fresh,3.5 days,14,8:35,9:30,10:30,60,0.0114319,0.3240646,0.0119541,0.6620212,15-40 min,1
1.4,Biscayan Cove,16-08-2020,18,27.3,10,Blank,Blank,NA,NA,NA,NA,NA,NA,NA,,NA,NA,NA,NA,NA,Field-fresh,3.5 days,14,8:35,9:30,10:30,60,,,,,,
1.2,Biscayan Cove,14-08-2020,22,25.2,1,Strongylocentrotus droebachiensis,Barren,57.3,0.0573,5.38,24.11,20.812,3.298,0.003298,0.054002,700,650,50,600,0.6,Field-fresh,1.5 days,14,8:50,10:14,10:45,30,0.0230117,0.3998085,0.024417,1.288425,5-15 min,1
1.2,Biscayan Cove,14-08-2020,22,25.2,2,Strongylocentrotus droebachiensis,Barren,71.7,0.0717,4.6,27.29,24.381,2.909,0.002909,0.068791,710,650,60,590,0.59,Field-fresh,1.5 days,14,8:50,10:14,10:45,30,0.0235779,0.58114,0.024575,1.542006,5-15 min,0.992
1.2,Biscayan Cove,14-08-2020,22,25.2,3,Strongylocentrotus droebachiensis,Barren,40.9,0.0409,4.6,17.29,14.861,2.429,0.002429,0.038471,690,650,40,610,0.61,Field-fresh,1.5 days,14,8:50,10:14,10:45,30,0.0321098,0.5406715,0.0341372,1.220406,5-15 min,1
1.2,Biscayan Cove,14-08-2020,22,25.2,4,Strongylocentrotus droebachiensis,Barren,42.6,0.0426,4.6,19.226,16.648,2.578,0.002578,0.040022,695,650,45,605,0.605,Field-fresh,1.5 days,14,8:50,10:14,10:45,30,0.0227673,0.3762174,0.0242339,0.9432551,5-15 min,1
1.2,Biscayan Cove,14-08-2020,22,25.2,5,Strongylocentrotus droebachiensis,Kelp,78.2,0.0782,4.6,31.348,25.078,6.27,0.00627,0.07193,715,650,65,585,0.585,Field-fresh,1.5 days,14,8:50,10:14,10:45,30,0.0275828,0.3440145,0.0299871,1.958878,5-15 min,1
1.2,Biscayan Cove,14-08-2020,22,25.2,6,Strongylocentrotus droebachiensis,Kelp,106.8,0.1068,4.6,41.072,33.946,7.126,0.007126,0.099674,740,650,90,560,0.56,Field-fresh,1.5 days,14,8:50,10:14,10:45,30,0.0191481,0.2869789,0.020517,1.934137,5-15 min,1
1.2,Biscayan Cove,14-08-2020,22,25.2,7,Strongylocentrotus droebachiensis,Kelp,64.8,0.0648,4.6,28.694,23.837,4.857,0.004857,0.059943,700,650,50,600,0.6,Field-fresh,1.5 days,14,8:50,10:14,10:45,30,0.0310516,0.4142773,0.0335676,1.894504,5-15 min,1
1.2,Biscayan Cove,14-08-2020,22,25.2,8,Strongylocentrotus droebachiensis,Kelp,106.7,0.1067,4.6,44.96,36.498,8.462,0.008462,0.098238,735,650,85,565,0.565,Field-fresh,1.5 days,14,8:50,10:14,10:45,30,0.0222652,0.3230194,0.0241831,2.499624,5-15 min,0.994
1.2,Biscayan Cove,14-08-2020,22,25.2,9,Strongylocentrotus droebachiensis,Kelp,77.3,0.0773,5.38,33.594,26.369,7.225,0.007225,0.070075,700,650,50,600,0.6,Field-fresh,1.5 days,14,8:50,10:14,10:45,30,0.027336,0.2924672,0.0301545,2.009659,5-15 min,1
1.2,Biscayan Cove,14-08-2020,22,25.2,10,Blank,Blank,NA,NA,NA,NA,NA,NA,NA,,NA,NA,NA,NA,NA,Field-fresh,1.5 days,14,8:50,10:14,10:45,30,,,,,,
1.7,Biscayan Cove,19-08-2020,26,28.7,1,Strongylocentrotus droebachiensis,Barren,47.3,0.0473,2.143,17.463,15.536,1.927,0.001927,0.045373,695,650,45,605,0.605,Field-fresh,6.5 days,14,7:50,8:50,9:10,20,0.0293251,0.7198105,0.0305705,1.401675,3-18 min,0.998
1.7,Biscayan Cove,19-08-2020,26,28.7,2,Strongylocentrotus droebachiensis,Barren,59.9,0.0599,1.858,20.098,17.268,2.83,0.00283,0.05707,700,650,50,600,0.6,Field-fresh,6.5 days,14,7:50,8:50,9:10,20,0.0208235,0.4407527,0.0218561,1.252777,3-18 min,1
1.7,Biscayan Cove,19-08-2020,26,28.7,3,Strongylocentrotus droebachiensis,Barren,45.4,0.0454,2.229,16.198,14.231,1.967,0.001967,0.043433,695,650,45,605,0.605,Field-fresh,6.5 days,14,7:50,8:50,9:10,20,0.0245341,0.5662666,0.0256452,1.109013,3-18 min,1
1.7,Biscayan Cove,19-08-2020,26,28.7,4,Strongylocentrotus droebachiensis,Barren,63.5,0.0635,2.185,22.709,19.376,3.333,0.003333,0.060167,705,650,55,595,0.595,Field-fresh,6.5 days,14,7:50,8:50,9:10,20,0.0249612,0.4755587,0.026344,1.630003,3-18 min,0.999
1.7,Biscayan Cove,19-08-2020,26,28.7,5,Strongylocentrotus droebachiensis,Kelp,83.9,0.0839,1.976,29.229,24.633,4.596,0.004596,0.079304,720,650,70,580,0.58,Field-fresh,6.5 days,14,7:50,8:50,9:10,20,0.0241094,0.4401175,0.0255067,2.041058,3-18 min,1
1.7,Biscayan Cove,19-08-2020,26,28.7,6,Strongylocentrotus droebachiensis,Kelp,61.3,0.0613,2.259,22.552,18.74,3.812,0.003812,0.057488,705,650,55,595,0.595,Field-fresh,6.5 days,14,7:50,8:50,9:10,20,0.0306148,0.4923098,0.0326448,1.897611,3-18 min,1
1.7,Biscayan Cove,19-08-2020,26,28.7,7,Strongylocentrotus droebachiensis,Kelp,60.3,0.0603,2.003,23.534,19.287,4.247,0.004247,0.056053,700,650,50,600,0.6,Field-fresh,6.5 days,14,7:50,8:50,9:10,20,0.0260313,0.3695988,0.0307387,1.525025,3-15 min,0.989
1.7,Biscayan Cove,19-08-2020,26,28.7,8,Strongylocentrotus droebachiensis,Kelp,52,0.052,2.248,21.485,16.932,4.553,0.004553,0.047447,695,650,45,605,0.605,Field-fresh,6.5 days,14,7:50,8:50,9:10,20,0.0280754,0.3262907,0.0307695,1.478886,3-18 min,0.999
1.7,Biscayan Cove,19-08-2020,26,28.7,9,Strongylocentrotus droebachiensis,Kelp,59.2,0.0592,2.19,24.516,20.008,4.508,0.004508,0.054692,700,650,50,600,0.6,Field-fresh,6.5 days,14,7:50,8:50,9:10,20,0.0262406,0.3445969,0.0284035,1.569882,3-18 min,0.999
1.7,Biscayan Cove,19-08-2020,26,28.7,10,Blank,Blank,NA,NA,NA,NA,NA,NA,NA,,NA,NA,NA,NA,NA,Field-fresh,6.5 days,14,7:50,8:50,9:10,20,,,,,,
2.1,Tors Cove,07-09-2020,14,25.7,1,Strongylocentrotus droebachiensis,Barren,56.2,0.0562,2.083,20.255,17.8,2.455,0.002455,0.053745,710,650,60,590,0.59,Field-fresh,0.5 days,14,9:00,11:20,12:20,60,0.0100789,0.2307264,0.0105393,0.5770751,96-86%,1
2.1,Tors Cove,07-09-2020,14,25.7,2,Strongylocentrotus droebachiensis,Barren,62.5,0.0625,1.866,23.644,20.162,3.482,0.003482,0.059018,710,650,60,590,0.59,Field-fresh,0.5 days,14,9:00,11:20,12:20,60,0.010498,0.1884339,0.0111174,0.6541527,90-80%,0.999
2.1,Tors Cove,07-09-2020,14,25.7,3,Strongylocentrotus droebachiensis,Barren,62.8,0.0628,1.89,20.748,17.162,3.586,0.003586,0.059214,710,650,60,590,0.59,Field-fresh,0.5 days,14,9:00,11:20,12:20,60,0.0116087,0.2032983,0.0123118,0.7094987,90-80%,0.999
2.1,Tors Cove,07-09-2020,14,25.7,4,Strongylocentrotus droebachiensis,Barren,65.9,0.0659,2.122,23.581,21.589,1.992,0.001992,0.063908,715,650,65,585,0.585,Field-fresh,0.5 days,14,9:00,11:20,12:20,60,0.0090174,0.2983163,0.0092985,0.6049169,90-80%,0.999
2.1,Tors Cove,07-09-2020,14,25.7,5,Strongylocentrotus droebachiensis,Kelp,66.6,0.0666,1.984,26.017,19.479,6.538,0.006538,0.060062,715,650,65,585,0.585,Field-fresh,0.5 days,14,9:00,11:20,12:20,60,0.0212327,0.216289,0.023544,1.402612,90-80%,0.998
2.1,Tors Cove,07-09-2020,14,25.7,6,Strongylocentrotus droebachiensis,Kelp,106.9,0.1069,1.927,36.965,31.579,5.386,0.005386,0.101514,750,650,100,550,0.55,Field-fresh,0.5 days,14,9:00,11:20,12:20,60,0.0172934,0.3432342,0.0182109,1.562142,90-80%,0.992
2.1,Tors Cove,07-09-2020,14,25.7,7,Strongylocentrotus droebachiensis,Kelp,66.9,0.0669,2.057,23.281,18.321,4.96,0.00496,0.06194,715,650,65,585,0.585,Field-fresh,0.5 days,14,9:00,11:20,12:20,60,0.0195317,0.2634421,0.0210958,1.205105,90-80%,1
2.1,Tors Cove,07-09-2020,14,25.7,8,Strongylocentrotus droebachiensis,Kelp,67.8,0.0678,2.057,25.13,19.892,5.238,0.005238,0.062562,715,650,65,585,0.585,Field-fresh,0.5 days,14,9:00,11:20,12:20,60,0.0186005,0.2407621,0.0201578,1.252206,90-80%,1
2.1,Tors Cove,07-09-2020,14,25.7,9,Strongylocentrotus droebachiensis,Kelp,60.7,0.0607,1.83,22.05,18.291,3.759,0.003759,0.056941,705,650,55,595,0.595,Field-fresh,0.5 days,14,9:00,11:20,12:20,60,0.0155857,0.2516761,0.0166146,0.9723441,90-80%,0.992
2.1,Tors Cove,07-09-2020,14,25.7,10,Blank,Blank,NA,NA,NA,NA,NA,NA,NA,,NA,NA,NA,NA,NA,Field-fresh,0.5 days,14,9:00,11:20,12:20,60,,,,,,
2.2,Tors Cove,08-09-2020,22,26.9,1,Strongylocentrotus droebachiensis,Barren,56.1,0.0561,1.964,19.032,16.953,2.079,0.002079,0.054021,690,650,40,610,0.61,Field-fresh,1.5 days,14,8:30,9:30,10:15,45,0.026457,0.7139195,0.0274752,1.448621,90-80%,1
2.2,Tors Cove,08-09-2020,22,26.9,2,Strongylocentrotus droebachiensis,Barren,53.9,0.0539,1.923,18.386,16.231,2.155,0.002155,0.051745,690,650,40,610,0.61,Field-fresh,1.5 days,14,8:30,9:30,10:15,45,0.0162013,0.4052194,0.016876,0.8775651,90-80%,1
2.2,Tors Cove,08-09-2020,22,26.9,3,Strongylocentrotus droebachiensis,Barren,94.8,0.0948,1.93,34.458,29.918,4.54,0.00454,0.09026,730,650,80,570,0.57,Field-fresh,1.5 days,14,8:30,9:30,10:15,45,0.0200098,0.4178261,0.0210163,1.798538,60-50%,0.86
2.2,Tors Cove,08-09-2020,22,26.9,4,Strongylocentrotus droebachiensis,Barren,49.6,0.0496,1.985,19.354,17.615,1.739,0.001739,0.047861,690,650,40,610,0.61,Field-fresh,1.5 days,14,8:30,9:30,10:15,45,0.0192289,0.54845,0.0199276,0.9627794,90-80%,0.999
2.2,Tors Cove,08-09-2020,22,26.9,5,Strongylocentrotus droebachiensis,Kelp,59.2,0.0592,2.172,20.354,17.724,2.63,0.00263,0.05657,700,650,50,600,0.6,Field-fresh,1.5 days,14,8:30,9:30,10:15,45,0.0214586,0.483022,0.0224562,1.27302,90-80%,1
2.2,Tors Cove,08-09-2020,22,26.9,6,Strongylocentrotus droebachiensis,Kelp,71.8,0.0718,2.526,28.629,24.332,4.297,0.004297,0.067503,710,650,60,590,0.59,Field-fresh,1.5 days,14,8:30,9:30,10:15,45,0.0256686,0.4289055,0.0273026,1.761359,78-68%,0.999
2.2,Tors Cove,08-09-2020,22,26.9,7,Strongylocentrotus droebachiensis,Kelp,43.6,0.0436,1.624,18.09,14.751,3.339,0.003339,0.040261,680,650,30,620,0.62,Field-fresh,1.5 days,14,8:30,9:30,10:15,45,0.0367614,0.480023,0.0398102,1.48365,90-80%,1
2.2,Tors Cove,08-09-2020,22,26.9,8,Strongylocentrotus droebachiensis,Kelp,38.7,0.0387,1.799,13.067,11.745,1.322,0.001322,0.037378,680,650,30,620,0.62,Field-fresh,1.5 days,14,8:30,9:30,10:15,45,0.0223567,0.6544662,0.0231474,0.8682473,90-80%,1
2.2,Tors Cove,08-09-2020,22,26.9,9,Strongylocentrotus droebachiensis,Kelp,72.3,0.0723,2.065,28.93,25.486,3.444,0.003444,0.068856,710,650,60,590,0.59,Field-fresh,1.5 days,14,8:30,9:30,10:15,45,0.0319407,0.6705329,0.0335383,1.989495,90-80%,0.998
2.2,Tors Cove,08-09-2020,22,26.9,10,Blank,Blank,NA,NA,NA,NA,NA,NA,NA,,NA,NA,NA,NA,NA,Field-fresh,1.5 days,14,8:30,9:30,10:15,45,,,,,,
2.2 Extra,Tors Cove,08-09-2020,22,26.9,10,Strongylocentrotus droebachiensis,Barren,63.1,0.0631,1.842,20.706,17.73,2.976,0.002976,0.060124,720,675,45,630,0.63,Field-fresh,1.5 days,14,10:30,12:30,13:00,30,0.0259243,0.5496707,0.0272074,1.662681,90-80%,1
2.2 Extra,Tors Cove,08-09-2020,22,26.9,11,Strongylocentrotus droebachiensis,Barren,49.2,0.0492,1.853,18.901,15.918,2.983,0.002983,0.046217,710,675,35,640,0.64,Field-fresh,1.5 days,14,10:30,12:30,13:00,30,0.0283495,0.4675815,0.0301793,1.355476,90-80%,1
2.2 Extra,Tors Cove,08-09-2020,22,26.9,12,Strongylocentrotus droebachiensis,Barren,45.8,0.0458,1.899,17.165,14.555,2.61,0.00261,0.04319,710,675,35,640,0.64,Field-fresh,1.5 days,14,10:30,12:30,13:00,30,0.0302577,0.5309591,0.0320862,1.33464,90-80%,0.998
2.2 Extra,Tors Cove,08-09-2020,22,26.9,13,Strongylocentrotus droebachiensis,Kelp,57.8,0.0578,1.96,23,19.379,3.621,0.003621,0.054179,720,675,45,630,0.63,Field-fresh,1.5 days,14,10:30,12:30,13:00,30,0.0269901,0.4308272,0.0287939,1.52501,90-80%,1
2.2 Extra,Tors Cove,08-09-2020,22,26.9,14,Strongylocentrotus droebachiensis,Kelp,55.2,0.0552,1.894,22.754,19.152,3.602,0.003602,0.051598,710,675,35,640,0.64,Field-fresh,1.5 days,14,10:30,12:30,13:00,30,0.0258767,0.3965559,0.0276831,1.471798,90-80%,1
2.2 Extra,Tors Cove,08-09-2020,22,26.9,15,Strongylocentrotus droebachiensis,Kelp,70.5,0.0705,2.075,27.209,20.075,7.134,0.007134,0.063366,740,675,65,610,0.61,Field-fresh,1.5 days,14,10:30,12:30,13:00,30,0.0311621,0.3079517,0.0346704,2.17589,78-68%,1
2.3,Tors Cove,09-09-2020,4,25,1,Strongylocentrotus droebachiensis,Barren,76.6,0.0766,2.455,29.237,25.519,3.718,0.003718,0.072882,705,650,55,595,0.595,Field-fresh,2.5 days,14,9:00,10:00,11:45,105,0.0063942,0.1317359,0.0067204,0.4986559,95-85%,0.998
2.3,Tors Cove,09-09-2020,4,25,2,Strongylocentrotus droebachiensis,Barren,65.5,0.0655,2.096,24.353,21.201,3.152,0.003152,0.062348,700,650,50,600,0.6,Field-fresh,2.5 days,14,9:00,10:00,11:45,105,0.0059735,0.1241313,0.0062755,0.366922,95-85%,0.997
2.3,Tors Cove,09-09-2020,4,25,3,Strongylocentrotus droebachiensis,Barren,78.4,0.0784,2.088,25.632,22.315,3.317,0.003317,0.075083,705,650,55,595,0.595,Field-fresh,2.5 days,14,9:00,10:00,11:45,105,0.0047213,0.1115929,0.004994,0.4447857,92-82%,0.998
2.3,Tors Cove,09-09-2020,4,25,4,Strongylocentrotus droebachiensis,Barren,65.5,0.0655,2.123,22.529,19.36,3.169,0.003169,0.062331,700,650,50,600,0.6,Field-fresh,2.5 days,14,9:00,10:00,11:45,105,0.0060238,0.1245057,0.0063301,0.3828863,20-80min,0.999
2.3,Tors Cove,09-09-2020,4,25,5,Strongylocentrotus droebachiensis,Kelp,93.1,0.0931,1.894,27.791,23.581,4.21,0.00421,0.08889,725,650,75,575,0.575,Field-fresh,2.5 days,14,9:00,10:00,11:45,105,0.0052319,0.1156984,0.0058634,0.5442736,89-84%,0.86
2.3,Tors Cove,09-09-2020,4,25,6,Strongylocentrotus droebachiensis,Kelp,69.2,0.0692,2.21,21.904,19.156,2.748,0.002748,0.066452,700,650,50,600,0.6,Field-fresh,2.5 days,14,9:00,10:00,11:45,105,0.005815,0.1464334,0.0062121,0.3887923,93-83%,0.999
2.3,Tors Cove,09-09-2020,4,25,7,Strongylocentrotus droebachiensis,Kelp,93.2,0.0932,2.468,35.958,30.899,5.059,0.005059,0.088141,720,650,70,580,0.58,Field-fresh,2.5 days,14,9:00,10:00,11:45,105,0.0075707,0.1394728,0.0080364,0.6483454,93-83%,0.997
2.3,Tors Cove,09-09-2020,4,25,8,Strongylocentrotus droebachiensis,Kelp,74.6,0.0746,2.172,30.525,24.341,6.184,0.006184,0.068416,705,650,55,595,0.595,Field-fresh,2.5 days,14,9:00,10:00,11:45,105,0.0098848,0.1192443,0.0096227,0.6551414,100-90%,0.997
2.3,Tors Cove,09-09-2020,4,25,9,Strongylocentrotus droebachiensis,Kelp,69.3,0.0693,1.964,25.377,21.512,3.865,0.003865,0.065435,700,650,50,600,0.6,Field-fresh,2.5 days,14,9:00,10:00,11:45,105,0.0085301,0.1529451,0.0099929,0.5870524,,0.998
2.3,Tors Cove,09-09-2020,4,25,10,Blank,Blank,NA,NA,NA,NA,NA,NA,NA,,NA,NA,NA,NA,NA,Field-fresh,2.5 days,14,9:00,10:00,11:45,105,,,,,,
2.4,Tors Cove,10-09-2020,18,27.5,1,Strongylocentrotus droebachiensis,Kelp,78.8,0.0788,2.342,28.377,22.587,5.79,0.00579,0.07301,725,650,75,575,0.575,Field-fresh,3.5 days,14,8:50,9:50,10:20,30,0.0192773,0.2623577,0.0210033,1.506326,90-80%,0.999
2.4,Tors Cove,10-09-2020,18,27.5,2,Strongylocentrotus droebachiensis,Kelp,70.3,0.0703,1.994,25.716,21.894,3.822,0.003822,0.066478,715,650,65,585,0.585,Field-fresh,3.5 days,14,8:50,9:50,10:20,30,0.0180482,0.3319691,0.019265,1.268383,90-80%,0.999
2.4,Tors Cove,10-09-2020,18,27.5,3,Strongylocentrotus droebachiensis,Kelp,71.6,0.0716,2.351,25.546,20.922,4.624,0.004624,0.066976,715,650,65,585,0.585,Field-fresh,3.5 days,14,8:50,9:50,10:20,30,,,0.023797,1.334489,,0.9
2.4,Tors Cove,10-09-2020,18,27.5,4,Strongylocentrotus droebachiensis,Kelp,63.5,0.0635,2.283,23.348,19.75,3.598,0.003598,0.059902,710,650,60,590,0.59,Field-fresh,3.5 days,14,8:50,9:50,10:20,30,0.0149082,0.2631096,0.0162026,1.102518,85-75%,0.997
2.4,Tors Cove,10-09-2020,18,27.5,5,Strongylocentrotus droebachiensis,Barren,82.3,0.0823,2.003,26.675,22.99,3.685,0.003685,0.078615,740,650,90,560,0.56,Field-fresh,3.5 days,14,8:50,9:50,10:20,30,0.0142547,0.3183611,0.0149229,1.14842,80-70%,0.996
2.4,Tors Cove,10-09-2020,18,27.5,6,Strongylocentrotus droebachiensis,Barren,72.3,0.0723,2.185,24.819,21.806,3.013,0.003013,0.069287,720,650,70,580,0.58,Field-fresh,3.5 days,14,8:50,9:50,10:20,30,0.0107651,0.2583184,0.0103365,0.8390333,35-55min,0.995
2.4,Tors Cove,10-09-2020,18,27.5,7,Strongylocentrotus droebachiensis,Barren,51.7,0.0517,2.459,18.753,16.577,2.176,0.002176,0.049524,700,650,50,600,0.6,Field-fresh,3.5 days,14,8:50,9:50,10:20,30,0.0154115,0.3661646,0.0159577,0.7855258,95-85%,0.999
2.4,Tors Cove,10-09-2020,18,27.5,8,Strongylocentrotus droebachiensis,Barren,44.6,0.0446,2.075,15.935,13.916,2.019,0.002019,0.042581,700,650,50,600,0.6,Field-fresh,3.5 days,14,8:50,9:50,10:20,30,0.0119485,0.2639442,0.0123854,0.5282618,35-55min,0.999
2.4,Tors Cove,10-09-2020,18,27.5,9,Strongylocentrotus droebachiensis,Barren,56.9,0.0569,2.328,20.468,18.391,2.077,0.002077,0.054823,705,650,55,595,0.595,Field-fresh,3.5 days,14,8:50,9:50,10:20,30,0.0166306,0.4556001,0.0174131,0.9520046,95-85%,0.999
2.4,Tors Cove,10-09-2020,18,27.5,10,Blank,Blank,NA,NA,NA,NA,NA,NA,NA,,NA,NA,NA,NA,NA,Field-fresh,3.5 days,14,8:50,9:50,10:20,30,,,,,,
2.5,Tors Cove,11-09-2020,10,26.8,1,Strongylocentrotus droebachiensis,Kelp,79,0.079,2.225,31.595,26.503,5.092,0.005092,0.073908,710,650,60,590,0.59,Field-fresh,4.5 days,14,9:00,10:00,11:00,60,0.0093373,0.1448634,0.0109537,0.7882796,95-85%,0.999
2.5,Tors Cove,11-09-2020,10,26.8,2,Strongylocentrotus droebachiensis,Kelp,69.9,0.0699,2.237,26.316,22.06,4.256,0.004256,0.065644,700,650,50,600,0.6,Field-fresh,4.5 days,14,9:00,10:00,11:00,60,0.0097208,0.1596532,0.0097539,0.6761038,95-85%,0.994
2.5,Tors Cove,11-09-2020,10,26.8,3,Strongylocentrotus droebachiensis,Kelp,70.9,0.0709,2.5,28.268,24.52,3.748,0.003748,0.067152,700,650,50,600,0.6,Field-fresh,4.5 days,14,9:00,10:00,11:00,60,0.0093803,0.1774449,0.0099047,0.6665071,95-85%,0.999
2.5,Tors Cove,11-09-2020,10,26.8,4,Strongylocentrotus droebachiensis,Kelp,64.5,0.0645,2.473,23.292,20.607,2.685,0.002685,0.061815,700,650,50,600,0.6,Field-fresh,4.5 days,14,9:00,10:00,11:00,60,0.0101588,0.2440374,0.010577,0.6447131,95-85%,1
2.5,Tors Cove,11-09-2020,10,26.8,5,Strongylocentrotus droebachiensis,Barren,70.3,0.0703,2.231,27.181,24.569,2.612,0.002612,0.067688,700,650,50,600,0.6,Field-fresh,4.5 days,14,9:00,10:00,11:00,60,0.0069536,0.1871506,0.0074867,0.4945457,95-85%,1
2.5,Tors Cove,11-09-2020,10,26.8,6,Strongylocentrotus droebachiensis,Barren,51.9,0.0519,2.17,19.685,17.065,2.62,0.00262,0.04928,695,650,45,605,0.605,Field-fresh,4.5 days,14,9:00,10:00,11:00,60,0.0070089,0.13884,0.0075095,0.3756576,95-85%,0.998
2.5,Tors Cove,11-09-2020,10,26.8,7,Strongylocentrotus droebachiensis,Barren,69.4,0.0694,2.022,21.895,19.28,2.615,0.002615,0.066785,700,650,50,600,0.6,Field-fresh,4.5 days,14,9:00,10:00,11:00,60,0.0107535,0.2853888,0.0117073,0.7815907,95-85%,0.998
2.5,Tors Cove,11-09-2020,10,26.8,8,Strongylocentrotus droebachiensis,Barren,60.6,0.0606,2.18,23.746,21.64,2.106,0.002106,0.058494,700,650,50,600,0.6,Field-fresh,4.5 days,14,9:00,10:00,11:00,60,0.0100245,0.2884554,0.0107772,0.6354499,,0.998
2.5,Tors Cove,11-09-2020,10,26.8,9,Strongylocentrotus droebachiensis,Barren,62.1,0.0621,2.223,23.939,21.778,2.161,0.002161,0.059939,700,650,50,600,0.6,Field-fresh,4.5 days,14,9:00,10:00,11:00,60,0.0111964,0.3217488,0.0115017,0.6928885,100-90%,0.998
2.5,Tors Cove,11-09-2020,10,26.8,10,Blank,Blank,NA,NA,NA,NA,NA,NA,NA,,NA,NA,NA,NA,Na,Field-fresh,4.5 days,14,9:00,10:00,11:00,60,,,,,,
2.6,Tors Cove,12-09-2020,6,26.4,1,Strongylocentrotus droebachiensis,Kelp,113.4,0.1134,2.356,38.572,31.431,7.141,0.007141,0.106259,750,650,100,550,0.55,Field-fresh,5.5 days,14,9:30,10:30,12:00,90,0.0048885,0.0776296,0.0053382,0.5869328,96-86%,0.99
2.6,Tors Cove,12-09-2020,6,26.4,2,Strongylocentrotus droebachiensis,Kelp,71,0.071,2.39,26.802,23.426,3.376,0.003376,0.067624,720,650,70,580,0.58,Field-fresh,5.5 days,14,9:30,10:30,12:00,90,0.0076794,0.1615042,0.0080478,0.5191366,95-85%,0.998
2.6,Tors Cove,12-09-2020,6,26.4,3,Strongylocentrotus droebachiensis,Kelp,69.1,0.0691,2.288,20.976,19.298,1.678,0.001678,0.067422,720,650,70,580,0.58,Field-fresh,5.5 days,14,9:30,10:30,12:00,90,0.0039823,0.1639896,0.0041319,0.2729313,95-85%,0.998
2.6,Tors Cove,12-09-2020,6,26.4,4,Strongylocentrotus droebachiensis,Kelp,80.8,0.0808,2.606,29.885,24.649,5.236,0.005236,0.075564,730,650,80,570,0.57,Field-fresh,5.5 days,14,9:30,10:30,12:00,90,0.0080874,0.1248019,0.0084633,0.6325532,95-85%,0.998
2.6,Tors Cove,12-09-2020,6,26.4,5,Strongylocentrotus droebachiensis,Barren,54.6,0.0546,2.573,20.414,17.566,2.848,0.002848,0.051752,695,650,45,605,0.605,Field-fresh,5.5 days,14,9:30,10:30,12:00,90,0.0055342,0.1060981,0.0063185,0.3154596,99-90%,0.999
2.6,Tors Cove,12-09-2020,6,26.4,6,Strongylocentrotus droebachiensis,Barren,61.8,0.0618,2.12,21.49,18.383,3.107,0.003107,0.058693,705,650,55,595,0.595,Field-fresh,5.5 days,14,9:30,10:30,12:00,90,0.0038176,0.0759345,0.0041908,0.2438725,96-86%,0.999
2.6,Tors Cove,12-09-2020,6,26.4,7,Strongylocentrotus droebachiensis,Barren,67.5,0.0675,2.178,22.879,20.334,2.545,0.002545,0.064955,710,650,60,590,0.59,Field-fresh,5.5 days,14,9:30,10:30,12:00,90,0.0038839,0.1030121,0.0042346,0.269391,98-88%,0.999
2.6,Tors Cove,12-09-2020,6,26.4,8,Strongylocentrotus droebachiensis,Barren,65.7,0.0657,2.783,22.049,19.746,2.303,0.002303,0.063397,710,650,60,590,0.59,Field-fresh,5.5 days,14,9:30,10:30,12:00,90,0.0039574,0.1128967,0.0039588,0.2551094,100-90%,0.998
2.6,Tors Cove,12-09-2020,6,26.4,9,Strongylocentrotus droebachiensis,Barren,45.3,0.0453,2.503,16.954,15.252,1.702,0.001702,0.043598,695,650,45,605,0.605,Field-fresh,5.5 days,14,9:30,10:30,12:00,90,0.0067141,0.1787013,0.0073564,0.3113185,99-90%,0.996
2.6,Tors Cove,12-09-2020,6,26.4,10,Blank,Blank,NA,NA,NA,NA,NA,NA,NA,,NA,650,NA,NA,NA,Field-fresh,5.5 days,14,9:30,10:30,12:00,90,NA,NA,,,,
2.7,Tors Cove,13-09-2020,26,28.3,1,Strongylocentrotus droebachiensis,Barren,60.3,0.0603,2.488,21.218,18.275,2.943,0.002943,0.057357,705,650,55,595,0.595,Field-fresh,6.5 days,14,9:30,10:30,11:00,30,0.0288843,0.5918185,0.0293993,1.639581,95-85%,0.999
2.7,Tors Cove,13-09-2020,26,28.3,2,Strongylocentrotus droebachiensis,Barren,52.7,0.0527,2.244,19.789,17.299,2.49,0.00249,0.05021,700,650,50,600,0.6,Field-fresh,6.5 days,14,9:30,10:30,11:00,30,0.0182966,0.3872407,0.0193662,0.9548588,95-85%,0.999
2.7,Tors Cove,13-09-2020,26,28.3,3,Strongylocentrotus droebachiensis,Barren,59.6,0.0596,2.288,22.252,19.3,2.952,0.002952,0.056648,700,650,50,600,0.6,Field-fresh,6.5 days,14,9:30,10:30,11:00,30,0.0221224,0.446644,0.0246897,1.311846,90-80%,1
2.7,Tors Cove,13-09-2020,26,28.3,4,Strongylocentrotus droebachiensis,Barren,56.3,0.0563,2.604,19.398,17.375,2.023,0.002023,0.054277,700,650,50,600,0.6,Field-fresh,6.5 days,14,9:30,10:30,11:00,30,0.0184519,0.5135154,0.0203726,1.04036,90-80%,1
2.7,Tors Cove,13-09-2020,26,28.3,5,Strongylocentrotus droebachiensis,Kelp,67.1,0.0671,2.345,26.98,22.889,4.091,0.004091,0.063009,705,650,55,595,0.595,Field-fresh,6.5 days,14,9:30,10:30,11:00,30,0.0237403,0.3893845,0.0260882,1.639675,90-80%,1
2.7,Tors Cove,13-09-2020,26,28.3,6,Strongylocentrotus droebachiensis,Kelp,52,0.052,2.328,21.165,18.86,2.305,0.002305,0.049695,700,650,50,600,0.6,Field-fresh,6.5 days,14,9:30,10:30,11:00,30,0.0218493,0.4929127,0.0237992,1.154116,90-80%,1
2.7,Tors Cove,13-09-2020,26,28.3,7,Strongylocentrotus droebachiensis,Kelp,88.9,0.0889,2.457,34.556,26.987,7.569,0.007569,0.081331,725,650,75,575,0.575,Field-fresh,6.5 days,14,9:30,10:30,11:00,30,0.0319749,0.3755542,0.036644,2.570425,90-80%,1
2.7,Tors Cove,13-09-2020,26,28.3,8,Strongylocentrotus droebachiensis,Kelp,83.3,0.0833,2.189,32.39,25.771,6.619,0.006619,0.076681,725,650,75,575,0.575,Field-fresh,6.5 days,14,9:30,10:30,11:00,30,0.0308092,0.3877337,0.0345528,2.477745,90-80%,1
2.7,Tors Cove,13-09-2020,26,28.3,9,Strongylocentrotus droebachiensis,Kelp,69.5,0.0695,2.715,27.074,23.29,3.784,0.003784,0.065716,710,650,60,590,0.59,Field-fresh,6.5 days,14,9:30,10:30,11:00,30,0.0291134,0.5347202,0.0348026,1.933404,90-80%,0.997
2.7,Tors Cove,13-09-2020,26,28.3,10,Blank,Blank,NA,NA,NA,NA,NA,NA,NA,,NA,NA,NA,NA,NA,Field-fresh,6.5 days,14,9:30,10:30,11:00,30,NA,NA,,,,
2.8,Tors Cove,13-09-2020,30,28.9,1,Strongylocentrotus droebachiensis,Barren,61.8,0.0618,2.551,19.66,17.403,2.257,0.002257,0.059543,700,650,50,600,0.6,Field-fresh,6.5 days,14,11:30,13:00,13:30,30,0.0204363,0.5595763,0.0208725,1.272292,95-85%,1
2.8,Tors Cove,13-09-2020,30,28.9,2,Strongylocentrotus droebachiensis,Barren,72.2,0.0722,2.454,25.45,22.392,3.058,0.003058,0.069142,710,650,60,590,0.59,Field-fresh,6.5 days,14,11:30,13:00,13:30,30,0.0191181,0.4513829,0.0205959,1.375685,90-80%,1
2.8,Tors Cove,13-09-2020,30,28.9,3,Strongylocentrotus droebachiensis,Barren,59.1,0.0591,2.545,21.559,19.122,2.437,0.002437,0.056663,700,650,50,600,0.6,Field-fresh,6.5 days,14,11:30,13:00,13:30,30,0.0163941,0.397576,0.0174248,0.9855698,90-80%,1
2.8,Tors Cove,13-09-2020,30,28.9,4,Strongylocentrotus droebachiensis,Barren,52.7,0.0527,2.373,18.363,16.062,2.301,0.002301,0.050399,695,650,45,605,0.605,Field-fresh,6.5 days,14,11:30,13:00,13:30,30,0.0172815,0.3957991,0.0187075,0.9380194,90-80%,1
2.8,Tors Cove,13-09-2020,30,28.9,5,Strongylocentrotus droebachiensis,Kelp,52.8,0.0528,2.445,20.263,17.073,3.19,0.00319,0.04961,695,650,45,605,0.605,Field-fresh,6.5 days,14,11:30,13:00,13:30,30,0.0194155,0.3213599,0.0205043,1.037555,95-85%,1
2.8,Tors Cove,13-09-2020,30,28.9,6,Strongylocentrotus droebachiensis,Kelp,76.2,0.0762,2.275,32.95,26.74,6.21,0.00621,0.06999,710,650,60,590,0.59,Field-fresh,6.5 days,14,11:30,13:00,13:30,30,0.0194522,0.2386883,0.021621,1.471767,90-80%,1
2.8,Tors Cove,13-09-2020,30,28.9,7,Strongylocentrotus droebachiensis,Kelp,89.9,0.0899,2.359,35.142,28.802,6.34,0.00634,0.08356,725,650,75,575,0.575,Field-fresh,6.5 days,14,11:30,13:00,13:30,30,0.0193914,0.274967,0.0216147,1.688047,90-80%,1
2.8,Tors Cove,13-09-2020,30,28.9,8,Strongylocentrotus droebachiensis,Kelp,94.5,0.0945,2.676,31.542,28.334,3.208,0.003208,0.091292,730,650,80,570,0.57,Field-fresh,6.5 days,14,11:30,13:00,13:30,30,0.0167776,0.4942269,0.0176912,1.588026,90-80%,1
2.8,Tors Cove,13-09-2020,30,28.9,9,Strongylocentrotus droebachiensis,Kelp,62.9,0.0629,2.246,25.286,21.721,3.565,0.003565,0.059335,700,650,50,600,0.6,Field-fresh,6.5 days,14,11:30,13:00,13:30,30,0.02135,0.3766947,0.0231178,1.390954,90-80%,1
2.8,Tors Cove,13-09-2020,30,28.9,10,Blank,Blank,NA,NA,NA,NA,NA,NA,NA,,NA,NA,NA,NA,NA,Field-fresh,6.5 days,14,11:30,13:00,13:30,30,,,,,,
3.1,Bauline,22-09-2020,14,26.3,1,Strongylocentrotus droebachiensis,Barren,50.9,0.0509,2.277,19.975,16.403,3.572,0.003572,0.047328,675,650,25,625,0.625,Field-fresh,1 day,14,2:30,3:30,4:30,60,0.0172527,0.2458454,0.0182962,0.8725837,95-85%,0.999
3.1,Bauline,22-09-2020,14,26.3,2,Strongylocentrotus droebachiensis,Barren,58.7,0.0587,2.226,20.093,17.349,2.744,0.002744,0.055956,690,650,40,610,0.61,Field-fresh,1 day,14,2:30,3:30,4:30,60,0.00766,0.1638633,0.0082744,0.4427391,97-87%,0.999
3.1,Bauline,22-09-2020,14,26.3,3,Strongylocentrotus droebachiensis,Barren,67.9,0.0679,2.632,21.98,18.9,3.08,0.00308,0.06482,700,650,50,600,0.6,Field-fresh,1 day,14,2:30,3:30,4:30,60,0.0077632,0.1711438,0.0082475,0.527635,95-85%,0.999
3.1,Bauline,22-09-2020,14,26.3,4,Strongylocentrotus droebachiensis,Barren,50.1,0.0501,3.475,20.067,17.704,2.363,0.002363,0.047737,675,650,25,625,0.625,Field-fresh,1 day,14,2:30,3:30,4:30,60,0.0091903,0.1948513,0.0094548,0.4647707,97-87%,1
3.1,Bauline,22-09-2020,14,26.3,5,Strongylocentrotus droebachiensis,Kelp,44.3,0.0443,2.73,19.123,15.503,3.62,0.00362,0.04068,660,650,10,640,0.64,Field-fresh,1 day,14,2:30,3:30,4:30,60,0.0144318,0.1766107,0.0155747,0.6376799,98-88%,1
3.1,Bauline,22-09-2020,14,26.3,6,Strongylocentrotus droebachiensis,Kelp,35.5,0.0355,5.407,19.337,15.966,3.371,0.003371,0.032129,655,650,5,645,0.645,Field-fresh,1 day,14,2:30,3:30,4:30,60,0.0200975,0.2116465,0.0212591,0.6946292,98-88%,1
3.1,Bauline,22-09-2020,14,26.3,7,Strongylocentrotus droebachiensis,Kelp,45.1,0.0451,5.275,21.358,16.979,4.379,0.004379,0.040721,660,650,10,640,0.64,Field-fresh,1 day,14,2:30,3:30,4:30,60,0.0211702,0.2180348,0.0222592,0.9214309,98-88%,0.999
3.1,Bauline,22-09-2020,14,26.3,8,Strongylocentrotus droebachiensis,Kelp,36.6,0.0366,5.314,19.068,15.926,3.142,0.003142,0.033458,655,650,5,645,0.645,Field-fresh,1 day,14,2:30,3:30,4:30,60,0.0199819,0.2327623,0.0216683,0.7118577,98-88%,1
3.1,Bauline,22-09-2020,14,26.3,9,Strongylocentrotus droebachiensis,Kelp,35.6,0.0356,5.431,20.162,16.629,3.533,0.003533,0.032067,655,650,5,645,0.645,Field-fresh,1 day,14,2:30,3:30,4:30,60,0.0180039,0.1814153,0.0201919,0.6451599,98-88%,1
3.1,Bauline,22-09-2020,14,26.3,10,Blank,Blank,NA,NA,NA,NA,NA,NA,,,NA,NA,NA,NA,NA,Field-fresh,1 day,14,2:30,3:30,4:30,60,,,,,,
3.2,Bauline,22-09-2020,22,27.5,1,Strongylocentrotus droebachiensis,Barren,23.2,0.0232,2.303,10.342,8.525,1.817,0.001817,0.021383,685,650,35,615,0.615,Field-fresh,2 days,14,9:00,10:00,,,0.0300683,0.3839204,0.0325194,0.6986437,98-88%,1
3.2,Bauline,22-09-2020,22,27.5,2,Strongylocentrotus droebachiensis,Barren,21.6,0.0216,2.92,11.448,8.403,3.045,0.003045,0.018555,685,650,35,615,0.615,Field-fresh,2 days,14,9:00,10:00,,,0.0252439,0.1790703,0.0294205,0.5465896,95-85%,1
3.2,Bauline,22-09-2020,22,27.5,3,Strongylocentrotus droebachiensis,Barren,32.2,0.0322,2.56,16.035,10.743,5.292,0.005292,0.026908,695,650,45,605,0.605,Field-fresh,2 days,14,9:00,10:00,,,0.0209571,0.1275169,0.0249482,0.6670114,95-85%,0.997
3.2,Bauline,22-09-2020,22,27.5,4,Strongylocentrotus droebachiensis,Barren,19.2,0.0192,2.78,12.762,7.659,5.103,0.005103,0.014097,675,650,25,625,0.625,Field-fresh,2 days,14,9:00,10:00,,,0.0337783,0.1270906,0.0467911,0.6537294,94-84%,0.999
3.2,Bauline,22-09-2020,22,27.5,5,Strongylocentrotus droebachiensis,Kelp,41.6,0.0416,2.541,18.305,14.35,3.955,0.003955,0.037645,700,650,50,600,0.6,Field-fresh,2 days,14,9:00,10:00,,,0.0271557,0.2856328,0.0298994,1.133505,95-85%,1
3.2,Bauline,22-09-2020,22,27.5,6,Strongylocentrotus droebachiensis,Kelp,28.5,0.0285,2.28,8.931,,,0,,690,650,40,610,0.61,Field-fresh,2 days,14,9:00,10:00,,,0.0365915,,,1.00771,95-85%,1
3.2,Bauline,22-09-2020,22,27.5,7,Strongylocentrotus droebachiensis,Kelp,33.8,0.0338,2.812,12.213,,,0,,690,650,40,610,0.61,Field-fresh,2 days,14,9:00,10:00,,,0.0377648,,,1.263877,95-85%,1
3.2,Bauline,22-09-2020,22,27.5,8,Strongylocentrotus droebachiensis,Kelp,26.5,0.0265,2.522,9.802,8.923,0.879,0.000879,0.025621,680,650,30,620,0.62,Field-fresh,2 days,14,9:00,10:00,,,0.0278478,0.8395527,0.0288939,0.7557156,95-85%,1
3.2,Bauline,22-09-2020,22,27.5,9,Strongylocentrotus droebachiensis,Kelp,23.3,0.0233,1.753,10.506,8.287,2.219,0.002219,0.021081,675,650,25,625,0.625,Field-fresh,2 days,14,9:00,10:00,,,0.033223,0.3488493,0.0367201,0.7789256,95-85%,1
3.2,Bauline,22-09-2020,22,27.5,10,Blank,Blank,NA,NA,NA,NA,NA,NA,NA,,NA,NA,NA,NA,NA,Field-fresh,2 days,14,9:00,10:00,,,,,,,,
3.3,Bauline,24-09-2020,4,25.9,1,Strongylocentrotus droebachiensis,Barren,70.76,0.07076,2.686,24.378,21.73,2.648,0.002648,0.068112,725,650,75,575,0.575,Field-fresh,3 days,14,9:10,10:10,11:45,95,0.0061846,0.1652653,0.0064207,0.4650749,95-85%,0.998
3.3,Bauline,24-09-2020,4,25.9,2,Strongylocentrotus droebachiensis,Barren,42.8,0.0428,2.398,15.756,12.913,2.843,0.002843,0.039957,700,650,50,600,0.6,Field-fresh,3 days,14,9:10,10:10,11:45,95,0.0071283,0.1073131,0.0076203,0.3172492,92-84%,0.999
3.3,Bauline,24-09-2020,4,25.9,3,Strongylocentrotus droebachiensis,Barren,99,0.099,2.46,31.926,27.305,4.621,0.004621,0.094379,750,650,100,550,0.55,Field-fresh,3 days,14,9:10,10:10,11:45,95,0.0044575,0.095497,0.0046757,0.4381213,90-80%,0.999
3.3,Bauline,24-09-2020,4,25.9,4,Strongylocentrotus droebachiensis,Barren,54.7,0.0547,2.512,18.143,15.065,3.078,0.003078,0.051622,715,650,65,585,0.585,Field-fresh,3 days,14,9:10,10:10,11:45,95,0.0045799,0.0813913,0.004853,0.2615226,94-86%,0.998
3.3,Bauline,24-09-2020,4,25.9,5,Strongylocentrotus droebachiensis,Kelp,48.3,0.0483,2.362,19.065,15.667,3.398,0.003398,0.044902,705,650,55,595,0.595,Field-fresh,3 days,14,9:10,10:10,11:45,95,0.0091527,0.1300984,0.0096284,0.444104,96-86%,0.997
3.3,Bauline,24-09-2020,4,25.9,6,Strongylocentrotus droebachiensis,Kelp,55.6,0.0556,2.55,22.892,18.769,4.123,0.004123,0.051477,710,650,60,590,0.59,Field-fresh,3 days,14,9:10,10:10,11:45,95,0.008209,0.1107004,0.0084574,0.4688025,93-83%,0.999
3.3,Bauline,24-09-2020,4,25.9,7,Strongylocentrotus droebachiensis,Kelp,55.9,0.0559,2.605,23.944,19.234,4.71,0.00471,0.05119,710,650,60,590,0.59,Field-fresh,3 days,14,9:10,10:10,11:45,95,0.0073528,0.0872656,0.0081159,0.4319299,93-83%,0.999
3.3,Bauline,24-09-2020,4,25.9,8,Strongylocentrotus droebachiensis,Kelp,67.1,0.0671,2.616,28.099,22.501,5.598,0.005598,0.061502,720,650,70,580,0.58,Field-fresh,3 days,14,9:10,10:10,11:45,95,0.0052654,0.0631132,0.0056652,0.3699005,96-86%,1
3.3,Bauline,24-09-2020,4,25.9,9,Strongylocentrotus droebachiensis,Kelp,58.5,0.0585,2.252,22.105,16.749,5.356,0.005356,0.053144,710,650,60,590,0.59,Field-fresh,3 days,14,9:10,10:10,11:45,95,0.006701,0.0731908,0.0073163,0.4026739,,0.999
3.3,Bauline,24-09-2020,4,25.9,10,Blank,Blank,NA,NA,NA,NA,NA,NA,NA,,,,,,,Field-fresh,3 days,14,9:10,10:10,11:45,95,,,,,,
3.4,Bauline,25-09-2020,18,27.2,1,Strongylocentrotus droebachiensis,Kelp,44.7,0.0447,2.37,18.104,14.162,3.942,0.003942,0.040758,700,650,50,600,0.6,Field-fresh,4 days,14,9:00,10:00,10:45,45,0.0259951,0.2947696,0.0299633,1.244893,98-88%,0.999
3.4,Bauline,25-09-2020,18,27.2,2,Strongylocentrotus droebachiensis,Kelp,29.3,0.0293,2.58,11.888,10.115,1.773,0.001773,0.027527,690,650,40,610,0.61,Field-fresh,4 days,14,9:00,10:00,10:45,45,0.0240387,0.3972546,0.0246754,0.6753816,95-85%,0.999
3.4,Bauline,25-09-2020,18,27.2,3,Strongylocentrotus droebachiensis,Kelp,34.1,0.0341,2.879,14.836,11.836,3,0.003,0.0311,695,650,45,605,0.605,Field-fresh,4 days,14,9:00,10:00,10:45,45,0.0282565,0.3211816,0.0302987,0.9227765,95-85%,0.994
3.4,Bauline,25-09-2020,18,27.2,4,Strongylocentrotus droebachiensis,Kelp,29.3,0.0293,2.46,13.434,10.707,2.727,0.002727,0.026573,690,650,40,610,0.61,Field-fresh,4 days,14,9:00,10:00,10:45,45,0.0234025,0.2514465,0.023403,0.6115192,95-85%,0.996
3.4,Bauline,25-09-2020,18,27.2,5,Strongylocentrotus droebachiensis,Barren,25.8,0.0258,2.875,11.943,10.126,1.817,0.001817,0.023983,680,650,30,620,0.62,Field-fresh,4 days,14,9:00,10:00,10:45,45,0.0248443,0.3527699,0.0270551,0.6424736,95-85%,0.999
3.4,Bauline,25-09-2020,18,27.2,6,Strongylocentrotus droebachiensis,Barren,36,0.036,2.799,14.375,12.269,2.106,0.002106,0.033894,695,650,45,605,0.605,Field-fresh,4 days,14,9:00,10:00,10:45,45,0.0172541,0.2949417,0.0174832,0.5934763,96-86%,0.999
3.4,Bauline,25-09-2020,18,27.2,7,Strongylocentrotus droebachiensis,Barren,25.1,0.0251,2.683,10.558,8.8,1.758,0.001758,0.023342,675,650,25,625,0.625,Field-fresh,4 days,14,9:00,10:00,10:45,45,0.0255551,0.3648648,0.0268084,0.6385898,96-86%,1
3.4,Bauline,25-09-2020,18,27.2,8,Strongylocentrotus droebachiensis,Barren,21.5,0.0215,2.675,9.709,8.896,0.813,0.000813,0.020687,670,650,20,630,0.63,Field-fresh,4 days,14,9:00,10:00,10:45,45,0.0155569,0.411406,0.0161445,0.3388613,100-94%,0.999
3.4,Bauline,25-09-2020,18,27.2,9,Strongylocentrotus droebachiensis,Barren,23.5,0.0235,2.934,11.273,9.617,1.656,0.001656,0.021844,675,650,25,625,0.625,Field-fresh,4 days,14,9:00,10:00,10:45,45,0.0229261,0.3253398,0.0238377,0.5249055,100-90%,0.999
3.4,Bauline,25-09-2020,18,27.2,10,Blank,Blank,NA,NA,NA,NA,NA,NA,NA,,,,,,,,4 days,14,9:00,10:00,10:45,45,,,,,,
3.5,Bauline,26-09-2020,26,28.1,1,Strongylocentrotus droebachiensis,Barren,37.8,0.0378,2.85,15.58,13.059,2.521,0.002521,0.035279,690,650,40,610,0.61,Field-fresh,5 days,14,9:30,10:30,11:00,30,0.0314139,0.4710209,0.0336329,1.186431,100-90%,1
3.5,Bauline,26-09-2020,26,28.1,2,Strongylocentrotus droebachiensis,Barren,41,0.041,2.67,15.975,13.21,2.765,0.002765,0.038235,695,650,45,605,0.605,Field-fresh,5 days,14,9:30,10:30,11:00,30,0.0266469,0.3951256,0.0287773,1.060956,94-84%,0.999
3.5,Bauline,26-09-2020,26,28.1,3,Strongylocentrotus droebachiensis,Barren,40.1,0.0401,2.744,16.049,12.811,3.238,0.003238,0.036862,695,650,45,605,0.605,Field-fresh,5 days,14,9:30,10:30,11:00,30,0.0322371,0.3992308,0.0359731,1.313422,94-84%,0.999
3.5,Bauline,26-09-2020,26,28.1,4,Strongylocentrotus droebachiensis,Barren,45.4,0.0454,2.749,18.715,16.459,2.256,0.002256,0.043144,700,650,50,600,0.6,Field-fresh,5 days,14,9:30,10:30,11:00,30,0.025052,0.5041488,0.0264731,1.122246,92-82%,0.995
3.5,Bauline,26-09-2020,26,28.1,5,Strongylocentrotus droebachiensis,Kelp,31,0.031,2.25,14.142,10.98,3.162,0.003162,0.027838,675,650,25,625,0.625,Field-fresh,5 days,14,9:30,10:30,11:00,30,0.0359538,0.3524883,0.0398582,1.113544,98-88%,0.999
3.5,Bauline,26-09-2020,26,28.1,6,Strongylocentrotus droebachiensis,Kelp,37.2,0.0372,1.937,13.853,10.754,3.099,0.003099,0.034101,685,650,35,615,0.615,Field-fresh,5 days,14,9:30,10:30,11:00,30,0.038716,0.4647423,0.0414763,1.378722,98-88%,1
3.5,Bauline,26-09-2020,26,28.1,7,Strongylocentrotus droebachiensis,Kelp,37.1,0.0371,5.3,18.88,15.502,3.378,0.003378,0.033722,690,650,40,610,0.61,Field-fresh,5 days,14,9:30,10:30,11:00,30,0.0326869,0.3589952,0.0359956,1.185746,95-85%,1
3.5,Bauline,26-09-2020,26,28.1,8,Strongylocentrotus droebachiensis,Kelp,31.8,0.0318,4.021,15.266,12.318,2.948,0.002948,0.028852,680,650,30,620,0.62,Field-fresh,5 days,14,9:30,10:30,11:00,30,0.0434844,0.469065,0.0483944,1.421344,95-85%,0.999
3.5,Bauline,26-09-2020,26,28.1,9,Strongylocentrotus droebachiensis,Kelp,41.5,0.0415,4.03,19.068,15.834,3.234,0.003234,0.038266,690,650,40,610,0.61,Field-fresh,5 days,14,9:30,10:30,11:00,30,0.0347856,0.4463833,0.0372904,1.421493,95-85%,0.999
3.5,Bauline,26-09-2020,26,28.1,10,Blank,Blank,NA,NA,NA,NA,NA,NA,NA,,,,,,,,5 days,14,9:30,10:30,11:00,30,,,,,,
3.6,Bauline,26-09-2020,10,26.7,1,Strongylocentrotus droebachiensis,Barren,61.3,0.0613,4.01,22.511,18.397,4.114,0.004114,0.057186,705,650,55,595,0.595,Field-fresh,6 days,14,12:20,13:30,14:30,60,0.0104809,0.1561686,0.011033,0.647513,95-85%,0.997
3.6,Bauline,26-09-2020,10,26.7,2,Strongylocentrotus droebachiensis,Barren,62.7,0.0627,4.025,24.025,21.461,2.564,0.002564,0.060136,705,650,55,595,0.595,Field-fresh,6 days,14,12:20,13:30,14:30,60,0.0062689,0.1532992,0.0064189,0.3800864,95-85%,0.994
3.6,Bauline,26-09-2020,10,26.7,3,Strongylocentrotus droebachiensis,Barren,52.4,0.0524,4.029,20.359,16.889,3.47,0.00347,0.04893,700,650,50,600,0.6,Field-fresh,6 days,14,12:20,13:30,14:30,60,,,,0.3549504,,0.16
3.6,Bauline,26-09-2020,10,26.7,4,Strongylocentrotus droebachiensis,Barren,47.5,0.0475,4.024,19.804,17.4,2.404,0.002404,0.045096,690,650,40,610,0.61,Field-fresh,6 days,14,12:20,13:30,14:30,60,0.0066167,0.1307369,0.0069694,0.3091284,95-85%,0.991
3.6,Bauline,26-09-2020,10,26.7,5,Strongylocentrotus droebachiensis,Kelp,55.8,0.0558,4.002,23.871,19.572,4.299,0.004299,0.051501,695,650,45,605,0.605,Field-fresh,6 days,14,12:20,13:30,14:30,60,0.0095847,0.1244071,0.0103754,0.5393301,95-85%,0.999
3.6,Bauline,26-09-2020,10,26.7,6,Strongylocentrotus droebachiensis,Kelp,43.3,0.0433,4.042,20.239,17.113,3.126,0.003126,0.040174,680,650,30,620,0.62,Field-fresh,6 days,14,12:20,13:30,14:30,60,0.010233,0.1417431,0.0110499,0.4413811,95-85%,0.999
3.6,Bauline,26-09-2020,10,26.7,7,Strongylocentrotus droebachiensis,Kelp,39.5,0.0395,4.043,19.524,15.711,3.813,0.003813,0.035687,675,650,25,625,0.625,Field-fresh,6 days,14,12:20,13:30,14:30,60,0.009429,0.097678,0.0104365,0.3721622,95-85%,0.998
3.6,Bauline,26-09-2020,10,26.7,8,Strongylocentrotus droebachiensis,Kelp,41.9,0.0419,4.033,18.565,15.155,3.41,0.00341,0.03849,675,650,25,625,0.625,Field-fresh,6 days,14,12:20,13:30,14:30,60,0.0114431,0.1406062,0.0124569,0.4957103,95-85%,0.998
3.6,Bauline,26-09-2020,10,26.7,9,Strongylocentrotus droebachiensis,Kelp,47.5,0.0475,4.037,21.936,18.299,3.637,0.003637,0.043863,680,650,30,620,0.62,Field-fresh,6 days,14,12:20,13:30,14:30,60,0.0135957,0.1775632,0.0145942,0.6426827,95-85%,0.997
3.6,Bauline,26-09-2020,10,26.7,10,Blank,Blank,NA,NA,NA,NA,NA,NA,NA,,,,,,,,6 days,14,12:20,13:30,14:30,60,,,,,,
3.7,Bauline,28-09-2020,30,29.2,1,Strongylocentrotus droebachiensis,Kelp,32.5,0.0325,4.014,16.212,13.233,2.979,0.002979,0.029521,675,650,25,625,0.625,Field-fresh,7 days,14,9:00,10:00,10:30,30,0.0276313,0.3014493,0.0298801,0.8888921,95-85%,1
3.7,Bauline,28-09-2020,30,29.2,2,Strongylocentrotus droebachiensis,Kelp,31.2,0.0312,4.005,15.797,12.892,2.905,0.002905,0.028295,675,650,25,625,0.625,Field-fresh,7 days,14,9:00,10:00,10:30,30,0.0319846,0.3435175,0.033745,0.9123873,95-85%,0.997
3.7,Bauline,28-09-2020,30,29.2,3,Strongylocentrotus droebachiensis,Kelp,37.3,0.0373,4.029,18.307,14.724,3.583,0.003583,0.033717,680,650,30,620,0.62,Field-fresh,7 days,14,9:00,10:00,10:30,30,0.0252927,0.2633042,0.0287372,0.9444386,90-80%,1
3.7,Bauline,28-09-2020,30,29.2,4,Strongylocentrotus droebachiensis,Kelp,36.2,0.0362,4.032,17.97,14.774,3.196,0.003196,0.033004,680,650,30,620,0.62,Field-fresh,7 days,14,9:00,10:00,10:30,30,0.0224015,0.2537337,0.0253405,0.8322996,90-80%,0.998
3.7,Bauline,28-09-2020,30,29.2,5,Strongylocentrotus droebachiensis,Barren,15.2,0.0152,4.04,8.897,8.136,0.761,0.000761,0.014439,655,650,5,645,0.645,Field-fresh,7 days,14,9:00,10:00,10:30,30,0.0296578,0.5923766,0.0312209,0.4456756,98-88%,0.999
3.7,Bauline,28-09-2020,30,29.2,6,Strongylocentrotus droebachiensis,Barren,35.2,0.0352,4.049,16.171,14.104,2.067,0.002067,0.033133,675,650,25,625,0.625,Field-fresh,7 days,14,9:00,10:00,10:30,30,0.0296438,0.50482,0.0336593,1.02839,90-80%,0.989
3.7,Bauline,28-09-2020,30,29.2,7,Strongylocentrotus droebachiensis,Barren,34,0.034,4.015,15.342,12.989,2.353,0.002353,0.031647,670,650,20,630,0.63,Field-fresh,7 days,14,9:00,10:00,10:30,30,0.0240607,0.3476683,0.0256586,0.7793524,95-85%,0.997
3.7,Bauline,28-09-2020,30,29.2,8,Strongylocentrotus droebachiensis,Barren,30.7,0.0307,4.025,14.074,11.787,2.287,0.002287,0.028413,665,650,15,635,0.635,Field-fresh,7 days,14,9:00,10:00,10:30,30,0.0406107,0.5451457,0.0412183,1.106736,95-85%,0.998
3.7,Bauline,28-09-2020,30,29.2,9,Strongylocentrotus droebachiensis,Barren,21.4,0.0214,4.042,10.744,9.504,1.24,0.00124,0.02016,660,650,10,640,0.64,Field-fresh,7 days,14,9:00,10:00,10:30,30,0.036033,0.6218594,0.0380234,0.775557,95-85%,0.999
3.7,Bauline,28-09-2020,30,29.2,10,Blank,Blank,NA,NA,NA,NA,NA,NA,NA,,,,,,,,7 days,14,9:00,10:00,10:30,30,,,,,,
3.8,Bauline,28-09-2020,8,26.8,1,Strongylocentrotus droebachiensis,Kelp,61.8,0.0618,4.033,25.97,19.222,6.748,0.006748,0.055052,690,650,40,610,0.61,Field-fresh,7 days,14,14:15,15:20,16:20,60,0.0070107,0.0642058,0.0075462,0.4652357,97-87%,0.999
3.8,Bauline,28-09-2020,8,26.8,2,Strongylocentrotus droebachiensis,Kelp,54.6,0.0546,4.032,22.256,16.763,5.493,0.005493,0.049107,675,650,25,625,0.625,Field-fresh,7 days,14,14:15,15:20,16:20,60,0.0086622,0.086102,0.0093581,0.4615185,,0.991
3.8,Bauline,28-09-2020,8,26.8,3,Strongylocentrotus droebachiensis,Kelp,58.7,0.0587,4.045,25.553,20.688,4.865,0.004865,0.053835,680,650,30,620,0.62,Field-fresh,7 days,14,14:15,15:20,16:20,60,0.0101232,0.1221446,0.0097323,0.5181868,91-85%,0.988
3.8,Bauline,28-09-2020,8,26.8,4,Strongylocentrotus droebachiensis,Kelp,39.9,0.0399,4.016,18.484,14.604,3.88,0.00388,0.03602,660,650,10,640,0.64,Field-fresh,7 days,14,14:15,15:20,16:20,60,0.0124702,0.1282372,0.014448,0.5001459,92-82%,0.995
3.8,Bauline,28-09-2020,8,26.8,5,Strongylocentrotus droebachiensis,Barren,63.4,0.0634,4.009,23.126,19.432,3.694,0.003694,0.059706,700,650,50,600,0.6,Field-fresh,7 days,14,14:15,15:20,16:20,60,0.0066846,0.1147268,0.0069208,0.4159343,92-87%,0.998
3.8,Bauline,28-09-2020,8,26.8,6,Strongylocentrotus droebachiensis,Barren,43.1,0.0431,4.011,18.74,15.869,2.871,0.002871,0.040229,690,650,40,610,0.61,Field-fresh,7 days,14,14:15,15:20,16:20,60,0.0082755,0.1242333,0.008918,0.3524243,,0.995
3.8,Bauline,28-09-2020,8,26.8,7,Strongylocentrotus droebachiensis,Barren,56,0.056,4.041,21.379,17.53,3.849,0.003849,0.052151,700,650,50,600,0.6,Field-fresh,7 days,14,14:15,15:20,16:20,60,0.0100969,0.1469021,0.0108421,0.504265,95-85%,0.999
3.8,Bauline,28-09-2020,8,26.8,8,Strongylocentrotus droebachiensis,Barren,48,0.048,4.035,19.654,15.787,3.867,0.003867,0.044133,690,650,40,610,0.61,Field-fresh,7 days,14,14:15,15:20,16:20,60,0.0112699,0.13989,0.0122574,0.5228648,95-85%,0.997
3.8,Bauline,28-09-2020,8,26.8,9,Strongylocentrotus droebachiensis,Barren,47.2,0.0472,4.035,18.727,15.959,2.768,0.002768,0.044432,690,650,40,610,0.61,Field-fresh,7 days,14,14:15,15:20,16:20,60,0.0066557,0.1134933,0.0070703,0.3423423,96-88%,0.997
3.8,Bauline,28-09-2020,8,26.8,10,Blank,Blank,NA,NA,NA,NA,NA,NA,NA,,NA,,,,,,7 days,14,14:15,15:20,16:20,60,,,,,,1
4.3,Biscayan Cove,,28,,,,Barren,,,,,,,,,,,,,,,,,,,,,,,,,,1
4.3,Biscayan Cove,,24,,,,Barren,,,,,,,,,,,,,,,,,,,,,,,,,,1
4.3,Biscayan Cove,,20,,,,Barren,,,,,,,,,,,,,,,,,,,,,,,,,,1
4.3,Biscayan Cove,,16,,,,Barren,,,,,,,,,,,,,,,,,,,,,,,,,,1
4.3,Biscayan Cove,,12,,,,Barren,,,,,,,,,,,,,,,,,,,,,,,,,,1
4.3,Biscayan Cove,,8,,,,Barren,,,,,,,,,,,,,,,,,,,,,,,,,,1
4.3,Biscayan Cove,,6,,,,Barren,,,,,,,,,,,,,,,,,,,,,,,,,,1